{
    "simple": [
        {
            "dropout": 0.5,
            "pos": 2,
            "lr": 0.0002,
            "decay": 1e-06,
            "beta1": 0.9,
            "beta2": 0.99
        }
    ],
    "vgg16tfd": [
        {
            "dropout": 0.5040067680301118,
            "pos": 1.051405797013427,
            "lr": 2.4697504835077114e-05,
            "decay": 1.575806025897217e-05,
            "beta1": 0.7791073188295329,
            "beta2": 0.6606380789436096
        }
    ],
    "vgg16tf": [
        {
            "dropout": 0.489386363545437,
            "pos": 1.062984048364124,
            "lr": 7.96343256862209e-05,
            "decay": 8.859592183432337e-09,
            "beta1": 0.7179757733850007,
            "beta2": 0.8552545316486978
        }
    ],
    "vgg19bn": [
        {
            "dropout": 0.5601467857023161,
            "pos": 1.2421522342163231,
            "lr": 0.00015424700598495417,
            "decay": 2.745340206753157e-07,
            "beta1": 0.5591898277245387,
            "beta2": 0.7263270047116411
        }
    ],
    "res50": [
        {
            "dropout": 0.5,
            "pos": 1.0061014478271697,
            "lr": 0.0031024022961003046,
            "decay": 9.517142180346856e-09,
            "beta1": 0.5244726574210884,
            "beta2": 0.8889783151747931
        }
    ],
    "dense161": [
        {
            "dropout": 0.5,
            "pos": 1.130710996161239,
            "lr": 0.0010174120459418583,
            "decay": 6.875808736982988e-10,
            "beta1": 0.770325958117247,
            "beta2": 0.6942556692552087
        }
    ],
    "dense201": [
        {
            "dropout": 0.5,
            "pos": 1.1434382395102038,
            "lr": 0.0006013426327142509,
            "decay": 2.0871625833194157e-06,
            "beta1": 0.9411929485109052,
            "beta2": 0.6197984923166419
        }
    ]
}